"specimen","region","Ca43","Li7_ppm","B11_ppm","Mg24_ppm","Si29_ppm","Mn55_ppm","Fe56_ppm","Co59_ppm","Ni60_ppm","Cu63_ppm","Cu65_ppm","Zn66_ppm","Rb85_ppm","Sr86_ppm","Sr87_ppm","Sr88_ppm","Cd111_ppm","Ba138_ppm","Ce140_ppm","Pb206_ppm","Pb207_ppm","Pb208_ppm","Th232_ppm","PbTotal_ppm","Sr87_86"
"oto01","core",1375302.4978537,0.923352384837528,3.95640859667522,508.686730045333,-2078.31267825217,1.19450565331454,-75.9520591176272,0.296078787499471,1.4728069512591,0.454326506802965,0.71859066201944,6.73875289611854,0.116254882642284,1790.54905168841,698.793270564854,2038.32725371949,0.168696808032959,10.2851826003897,0.0163056527858512,0.469428700867029,0.342112709218696,0.386820058571632,-0.00193817785853277,0.396844110848711,0.396084619693351
"oto01","middle",1312265.56880273,1.99286749245117,4.18406292380411,295.17706505571,-5752.15700704433,2.21881778147486,-93.9605869154133,0.304191983336641,1.50060911795733,0.466717668470432,0.674773458998164,8.08412690952862,0.111746510329202,1560.87591111695,625.464417490324,1830.59175887422,0.107081422976597,6.3743414294591,0.00138457802680442,0.49294282723258,0.446759298390047,0.452717147041166,-0.00170951905431623,0.460762724792689,0.402980423163022
"oto01","edge",1252034.08433323,2.15388950687318,4.99215769452625,368.613531807181,-19552.9481907284,3.37905025847256,-3.7198512886273,0.620493535926506,7.49649125997552,3.13056915450107,3.17592385632129,47.6850383054915,0.128409535991414,1635.56873586588,637.085790508278,1866.88903211217,0.349337523133952,11.0063120791293,0.17333818877069,0.725637587295074,0.785903589741607,0.730506477506746,-0.000843499461348192,0.74064210678311,0.395677324236517
"oto02","core",1498848.29016985,0.399328802673249,3.15602701270117,205.456194161962,-865.897681800636,1.3931713023589,0.601560857129742,0.312701641129507,1.70293231668191,0.625512149764671,0.836491860724853,11.1362015475945,0.0355460090819261,1664.5912932629,640.854404614506,1861.95369567053,0.0956572700664716,5.6344619772163,0.0049936047675639,0.471851683603509,0.449970079802203,0.448612863385683,0.000352228423862245,0.454079568611296,0.395922684349423
"oto02","middle",1341008.94844284,0.445338024892028,2.69099113290466,152.690435085739,-1670.68990381119,2.21225868794373,-27.2835740067248,0.294962119433976,1.5614584202328,0.512343957681304,0.682699503861131,10.4038560711593,0.0728645657645751,1552.8072480269,616.931301450594,1789.77751770122,0.0720899842871403,4.79875716358395,0.00538601835321664,0.529487427240413,0.468435616517765,0.47886735554909,0.000408789534309859,0.488454204625898,0.4002709615273
"oto02","edge",1274093.10959714,0.557206636867525,4.10177763963574,178.664894486151,-6606.59898919526,7.61782087704311,-5.97307631310557,0.423795202872488,75.4303825189447,4.19107055693807,5.90246766459916,22.1343566184014,0.059094523089779,1214.56345294548,480.352573718448,1426.71448208843,0.138211825074545,5.0616317305802,0.0186324257041736,0.684676323207447,0.67534162739982,0.768211967914344,0.00446669633513837,0.72594909893704,0.395495185743139
"oto03","core",1412853.74716973,1.06693144742887,3.65693121623088,730.682486113536,1506.03121727385,1.2075715006969,20.6425873340855,0.276816663955447,1.8102159056289,1.01032424938604,1.14330573815799,21.7302515046707,0.048847096844648,1532.9371741024,600.485518634905,1788.28000125448,0.175264986698326,3.36890292682814,0.00380592611216742,0.576001621737856,0.51843194935086,0.50515855074164,0.000253597703364662,0.524967733688181,0.393336696721229
"oto03","middle",1336118.75977407,1.73717584666982,2.82443039397667,531.214438395163,219.427345384478,2.66391833427656,4.55889553676931,0.295116236426698,1.48945862033005,0.683561675894753,0.895549083525442,9.85387512326344,0.0401808192003698,1470.67882952264,591.946390880601,1698.05820348079,0.0184451318517376,2.92175020108736,0.00306760044814178,0.44077242525005,0.378810684190843,0.426989566989444,0,0.41915528297335,0.404111767448354
"oto03","edge",1295930.73748242,3.3721125833746,3.29411768017296,407.447095039061,-672.172313569036,12.6907484096379,19.4142676742221,0.286089394498376,3.76356160532887,3.32408188913787,3.70164278619196,41.0150344993569,0.0829794191339939,1566.45257258264,617.344214683479,1795.78304603481,0.23085536624641,3.44673893731617,0.0104504578213744,0.741345084513804,0.751807533993629,0.76544943027867,0,0.755456670716736,0.396260408852132
"oto04","core",1876346.57715829,0.470105167528324,2.08024960979303,148.583820878099,1406.42883214736,1.59401921730827,10.2087796286253,0.171756355035646,1.33751375636898,0.179517574706103,0.267331892416694,10.1520811539228,0.0485476447208614,1349.33048695889,533.16338403868,1565.51214216294,0.171982431576958,17.1770174400748,0.00187377947736383,0.549888268668787,0.561582036219489,0.552051476400574,0.00106473482813487,0.552538060154449,0.39860431722324
"oto04","middle",1849779.65328348,0.515915751800654,1.44945320160665,124.085882547832,1683.52900415807,5.5068071497979,9.52278190332947,0.206522022184234,1.27959319100338,0.215264862757236,0.285625683522955,12.5689123247135,0.0390113463394378,1263.20097146821,514.131583235484,1478.13254237357,0.0214579903012357,9.24905419256688,0.00190332166556052,0.547175035333289,0.512831609995376,0.525798280380014,0,0.527156811908719,0.412051401888878
"oto04","edge",1688076.09594356,0.414755317085313,1.53944703922942,181.162932483957,1004.49903987437,12.024736674889,10.0244743575448,0.183785999815025,1.25680885684515,1.40126197485551,1.6477021067129,23.4476035589343,0.0537228708265269,1604.49930095835,615.401625229364,1766.76753959763,0.271411183930927,2.15966027547326,0.0248628097201149,0.756308566826666,0.706846828208707,0.638451424781165,0,0.681557603356744,0.39080384561737
"oto06","core",1636484.26045366,0.409732050422726,1.9822017610603,233.206309911557,1360.39173921016,2.06569470569037,13.4132833459652,0.239008333696365,17.9025689631378,0.701456736754725,0.840191882819105,24.7460691351177,0.0213214712176238,1751.81428806499,701.638858116124,1977.12814272187,0.248156439965,11.5580129742856,0.00474075346837007,1.35611172248153,1.23793624124146,1.27794594584986,0.000367143073945678,1.2866393710536,0.401590852353578
"oto06","middle",1441221.65223844,0.446257057105683,1.47319198055168,123.570514536411,1404.97886240669,6.26876855253427,14.8314125678041,0.241633537304451,1.83919728917077,0.522774663273683,0.664452662120483,22.1241916431039,0.0343758486080795,1280.38581143411,508.962578204136,1441.91785304534,0.208316073359934,9.61520450678732,0.0055592011526994,1.23255090726251,1.16773436226074,1.20317336011693,0,1.20091237910759,0.399244338270672
"oto06","edge",1389647.77401219,0.727687102579433,1.52733792173119,90.2677615308366,1740.4500289154,17.0067474012718,44.8060930104129,0.222460704760096,1.96292129081551,1.13067552130645,1.24670939290923,22.4408842073371,0.0498784197664509,1200.51694751547,479.361621068723,1358.02825836025,0.166635166680459,9.52209926299941,0.00300152797170843,0.814616819945468,0.764003154379866,0.775687163925338,0,0.781651156765557,0.401507595814293
"oto07","core",1452450.90763325,1.42506608934245,2.02700823476325,168.458437694515,1530.3754532777,1.24267958995898,16.8770595720124,0.235081130713654,2.12872449743078,1.13811127267804,1.22869531680688,31.9207351802562,0.176577777174817,1368.43927540729,543.106575187923,1607.72029740921,0.411398347633419,2.91786220480998,0.0225876716372049,1.76884567108227,1.67916294801983,1.66221745188908,0,1.69004295069349,0.405736991517251
"oto07","middle",1412199.0011103,1.0581956175932,1.85679229958254,96.8349445287971,1034.54061606057,3.49857969077402,9.55341052624644,0.229752016500375,1.60703604308958,0.499491676253825,0.621011879605823,22.6510548139287,0.0460868479662718,1392.36706624947,556.196040139254,1601.65902276778,0.34551991676661,3.93646682958433,0.00628648632756273,1.5730754704378,1.44158379012791,1.47625789398399,0.000225423855992713,1.49046163549503,0.405027397744678
"oto07","edge",1274737.98589025,0.491230445221246,1.7603396347567,104.401458393011,386.835534458755,10.4034171516796,34.4108733305855,0.286083171968248,3.45773126131871,3.07666406926303,3.21886455104116,50.4814613041193,0.134179856701974,1353.31739928103,528.608291873103,1519.07284876489,0.545375123289125,10.5812095648615,0.00897032435463821,1.54418238207562,1.53071993872372,1.43817875553759,0,1.48293101220855,0.395818144179532
"oto08","core",1376596.5826051,0.603559083604695,2.22411072684404,226.805374860703,815.497729742662,4.11184044148908,9.24539284250134,0.215883378075724,1.55530374331229,0.506712134570577,0.685733158753497,18.2871295664249,0.0596595312604419,1434.35194732468,568.380619805362,1628.37454477147,0.120890081548865,40.9514245294841,0.00133293485103427,1.03962813444949,0.953900496337714,1.00402972312973,0,1.00030274607984,0.39846337629533
"oto08","middle",1441999.00810068,0.370187376011532,2.35671109131979,215.394370983499,749.322314387157,1.49389467119468,22.9736469029942,0.246305708377185,3.7464453691793,0.954964137728817,1.11547236216858,21.8316429300822,0.045249134566391,1490.26442449166,591.409000650883,1672.65184524287,0.141228105874254,22.155908239054,0.00611851352271733,1.07893902115179,0.899490600900397,0.936676284743206,8.54187578622831e-05,0.962305365289453,0.400415367976535
"oto08","edge",1338363.22443511,0.732621225672982,2.68021514149731,169.421530395619,732.50046097252,2.63780958670266,55.7762324475294,0.310020093444851,6.61879410040328,5.32470156546386,5.8440127808369,74.3373762575754,0.0700727922419724,1388.17867739597,520.97900622945,1492.85849999216,0.294605536178429,20.2711774016565,0.0132592227354582,1.56715229528098,1.28886158329321,1.4011001936242,0,1.41530873670459,0.386642658660366
"oto09","core",1572011.68445806,0.468941441731744,2.17317050959667,89.9247000556569,2015.55715727104,1.34447261315243,13.6508759917338,0.232021049815326,1.54507725939783,0.638857992516128,0.848393798080032,9.63796688003406,0.0314410272027,1473.53729687102,590.036077144809,1656.37925815052,0.188983060796147,8.67124448168876,0.00432858485745968,0.394046622532768,0.299914915754499,0.383400511644655,0,0.366965949116589,0.405444089241226
"oto09","middle",1601894.91274403,0.470737207319899,1.36217885696536,106.945036608238,1871.95049832523,6.23397124507742,14.4722181195625,0.217461635223992,1.48702156188273,0.542153366177241,0.665851526989204,12.2287772343173,0.0439821352859777,1406.37506260903,560.985489933966,1568.44167224292,0.214693181471992,8.97009113324324,0.00678061585014436,0.481906267927491,0.430007092749701,0.45779980357845,0,0.456946631589074,0.401254116532993
"oto09","edge",1383628.73476791,0.39167106264062,1.19154223335907,119.648294865844,2015.66569670637,19.0427951717341,10.1958467862316,0.195005612846857,1.35227339255707,1.62984882109153,1.91415147305677,26.5531163284406,0.0328658336866565,1188.85074880623,479.038789675001,1348.13723888424,0.499922889079829,6.29295713171394,0.00180849383105639,0.666692712707582,0.620294448139449,0.579363059592678,0,0.609227783277464,0.404801779221834
"oto11","core",1613454.62670699,0.840181586978012,1.85387065690463,159.561695227617,1706.34857347952,0.86507966119576,16.3349567932832,0.234643622787178,1.30409630330144,0.374753866753407,0.591465826450065,12.3977819877929,0.0357236784260377,1474.79633116892,566.889753366861,1605.93241226788,0.00555060606262364,14.6473483091737,0.0109517998151968,0.398159673881513,0.381349627164054,0.384371876111007,0,0.38655825683207,0.393260567655437
"oto11","middle",1522852.42729521,0.717228529688742,1.62511493014399,160.74428579598,2368.66668944612,2.664090341243,16.733070075438,0.231029186995048,1.48903921713623,0.568504919211963,0.696114609250179,13.4358560986556,0.0485067304698994,1487.07095324278,592.004085314711,1667.58364438481,0.0694429496011166,17.34277200132,0.00959174805323987,0.461697679141319,0.430477061598255,0.448408485986893,6.61800567520022e-05,0.447070278633132,0.399668820517291
"oto11","edge",1406744.16522107,1.74781986075137,1.89076336520347,128.853877368627,2866.29049243088,5.85449311454952,26.7706131065845,0.253710165908017,1.63924290037817,7.06116694966104,7.39590968014237,34.9822126312262,0.0901912906079284,1519.00176042731,596.717877403408,1645.49803863403,0.299632891309054,48.6541266792541,0.00997611419805079,0.627276144593414,0.554402657088853,0.560312980184497,0,0.574760056672723,0.393931774048835
"oto13","core",1510996.27630873,0.475261468377778,1.72033953078852,242.404880706361,2485.14013420484,0.767815330688464,13.9036943258124,0.203911466558893,2.47063793369031,0.58403606517665,0.823130760960115,19.244650504538,0.0274411609244845,1559.23944485685,610.765744734758,1734.6863330114,0.128538714030778,14.284689063134,0.00437668099089709,1.34925427164991,1.29084299650997,1.32880756928598,0,1.3234479333392,0.400046781415729
"oto13","middle",1424056.33663544,0.964603870564921,1.3893948377753,174.851958074733,2877.09873176479,3.41326946967933,13.2921750119122,0.224830077688438,1.37542164508541,0.606499583254533,0.732622559555728,20.2271722195954,0.0240146657861225,1438.20427434134,563.860941271449,1589.16012110693,0.254904631850489,9.53601580166002,0.0057202341347279,1.33221093882664,1.20968849461657,1.25161973862971,0,1.26037550033593,0.40376608991177
"oto13","edge",1314575.98092913,0.522885451421363,1.70830416052867,165.339626142262,2521.19115197175,5.1904332347532,28.6462297444626,0.274702660553635,1.52376376587599,2.70799260052492,2.67358670333028,38.8017797239079,0.00126144327076891,1371.10994131975,559.687863725428,1525.46520491045,0.824848781999857,2.70041736560091,0.00628335119782401,1.35098312251462,1.06939688878807,1.07957566845871,0,1.1428478768105,0.410903084339891
"oto15","core",1616817.99412449,0.481886843171877,1.42730171838159,189.888920352721,1262.0770592455,1.80750814279771,14.3588797635652,0.222336176724953,2.36666704008269,1.49644613826525,1.7279640043296,22.0152038765317,0.100560982067777,1495.77911284804,597.63459611865,1687.06430283649,0.273315380362492,10.2891078697515,0.00642215120689058,0.985247775045738,0.921877118867029,0.929609067873332,0,0.940254950753424,0.410535916770415
"oto15","middle",1540892.56033862,0.374435956131211,1.30005027181297,136.36298124904,1471.6898528814,6.8600458510429,16.1544032722646,0.219046000765798,1.710921510814,1.16233325323635,1.37993545949435,18.7907348408327,0.133478840957808,1419.22283774943,561.978084368039,1584.25233163633,0.254273587111108,7.31017317535217,0.00744654324845145,0.923088578959318,0.832361988729273,0.872527869579612,7.66127479661687e-05,0.874803394486604,0.405052886552161
"oto15","edge",1371961.40233671,0.624526759636632,1.3232388463317,108.014782864995,1028.21232801063,21.2177188205159,62.0512297369036,0.234066243012988,2.0324024615207,2.09963743643262,2.53780621972746,23.3859003911946,0.0862500841005577,1482.74346712809,592.276305703435,1624.70625729336,0.192320092908805,5.79440694266296,0.00766013237727606,0.675129619822396,0.697178409518296,0.688213972064255,0,0.685925790465676,0.403029925686859
"oto16","core",1670511.4746815,0.495370577489664,2.16816308779106,94.2407098356975,1640.28700459243,3.16223330022104,14.6045754423695,0.235998338591353,1.43525341170158,0.633658326434188,0.790903354315575,18.6462865733773,0.0983738152342478,1404.53393635687,554.21320900897,1552.4575241567,0.223963612114589,46.0379502420298,0.00367671228540564,0.874543640536921,0.773378380413087,0.784191415422426,0.000251710966521815,0.802951426232961,0.398002365013616
"oto16","middle",1747395.79155113,0.480958587732189,1.44644608384584,88.1391756004394,1672.4234266526,9.10640189661663,12.9942431490987,0.22384225002628,1.4720404074576,1.05486579129528,1.22228815306506,19.775963728779,0.115783653621241,1441.89842914158,576.799128522518,1624.10336836983,0.215496027782752,45.7932424210942,0.00617804118846627,0.95874911527813,0.890908980199579,0.891310612211261,8.09841739385075e-05,0.906547928700149,0.403491842015095
"oto16","edge",1594283.71973686,0.828852454136565,1.62516715962431,88.4584981376889,2136.76840319058,7.91530151280824,15.0287548832558,0.225598058183262,1.4287503708256,2.04426017790638,2.19412925016065,27.0961363682175,0.048127294128384,1800.9478923126,748.780777211262,2013.46595551325,0.45191061681489,26.6849265734457,0.012404419632689,1.2336543192724,1.26049002842638,1.180552610423,0,1.20963488641976,0.417643239912874
"oto17","core",1580175.18758292,0.394550198448646,1.4495723062145,79.2676333884855,2585.10305353219,1.95040503297879,13.0006704790805,0.211303044479331,1.35534932125109,0.49801395460522,0.646068971838274,17.801297719476,0.0527500654341719,1256.75390188277,502.156657133966,1429.25853359655,0.1030547528878,46.264120191442,0.00678098982828617,0.785966216061702,0.764275139193003,0.738101497502615,-0.000279901743069562,0.754615261318014,0.402383479903433
"oto17","middle",1628814.57810409,0.38070556865114,1.09701938366841,98.5327609723254,2368.49629774765,6.03817622912866,13.7125197300983,0.208298570864954,1.5147347906257,0.481069006590841,0.636257235201828,16.8346378350234,0.0637277516801439,1443.71125902629,571.442129948374,1611.69140666276,0.147242158364747,47.2250017311922,0.00822188221016733,0.720001233073299,0.666997975052349,0.694193726039505,-0.000217080008436295,0.693468646041229,0.398931925989734
"oto17","edge",1456542.06760165,0.647633930100445,1.0306922665633,103.35627114293,2967.91111276437,8.08648630071764,105.562191567698,0.250949718332984,1.76287541331042,1.92603353250953,2.2996582238627,38.5401030253473,0.0464580256091511,1446.31198386328,558.157136743148,1615.91931439248,0.400642618477538,31.0237579449621,0.00132226483678772,0.895595617354911,0.909938392526167,0.851117712456245,-0.000291456293477644,0.873864572219424,0.387152495705942
"oto19","core",1453251.34261247,0.808532510764391,2.09530219219495,110.313387340562,2133.72445889703,0.864251967061645,10.2416884094065,0.223463262070565,1.43196599420015,0.564536023412113,0.74872087855231,13.4353611198191,0.0183908711483438,1398.31542868892,556.199907554279,1556.83093433303,0.0650266801908421,14.7364597806821,0.00529641556198751,0.525651596552998,0.459792239531986,0.512410130849117,0.000342167732064366,0.503194767306679,0.399992569092827
"oto19","middle",1514754.47935276,0.805626033712397,1.31867266767821,105.515213495906,1881.35577897862,6.6759199250874,11.1575375072589,0.231343832551642,1.48749932642713,0.784616799652196,0.864809618989267,15.3848364922067,0.0547841533534349,1277.8989910212,508.272527160286,1428.28866871944,0.12004583581068,13.4414788492975,0.00714456889593389,0.512053198260528,0.475293098500346,0.505636310603406,0.000130339907672466,0.499688210439583,0.399883560608228
"oto19","edge",1327121.85023045,0.240680260165427,1.80790938357743,104.395366651509,1790.82987727901,15.6111194360608,28.0345082387685,0.243223514538323,1.64393414315757,1.61235052105605,1.6091163326548,44.0352656840863,0.0837383654406014,1095.68042298695,444.466137847135,1235.74078614598,0.215715625571127,8.47872785584937,0.0345657250459534,0.817019722991131,0.808804537054832,0.736765177310421,0,0.771453895224136,0.407747947155747
"oto20","core",1717773.1834253,1.11416502149183,1.77868244408412,126.595927477313,904.882646656202,1.10229061566541,13.3074995171502,0.229926109585163,1.56993093642167,0.809945142086121,1.03161056170571,13.1677971752873,0.0550664625752808,1385.83465135929,562.386734814118,1608.81448940856,0.118046287806749,10.8131608128006,0.00704895116786128,0.424877134858384,0.384011682442051,0.413710566326634,0.00017537775350336,0.409214032017886,0.408728327849496
"oto20","middle",1532880.97052437,0.904535635858609,1.1604000795334,119.236444714942,889.225389900653,6.75225025447742,15.4163167716961,0.246669995799446,1.54921549408828,0.838744963298392,0.988796483583809,13.9755010626489,0.0621836049706123,1338.61910933897,533.167707022038,1509.47977669115,0.101821620880074,13.1792524812096,0.00632357224335445,0.530511579408904,0.503054998500574,0.51557490280238,3.71997056049402e-05,0.515661615104751,0.400576653249618
"oto20","edge",1380918.83364567,0.356772335339452,1.33758662169307,125.158537201341,1564.3127685176,15.6227107839957,30.0762844028446,0.246380477425395,1.87023517009689,1.3982925088533,1.5136100983013,34.1013949783951,0.0716379628556354,1386.37295824181,563.942307701741,1554.20460095852,0.127024583027966,12.5383354949494,0.040716778953779,0.85356500133566,0.824738743018661,0.863426398274884,0,0.851006776780506,0.410958394991814
"oto21","core",1708391.10364447,0.596321689161413,7.04387523626947,423.101891817721,1825.22061744159,0.807275800386282,9.53187570006694,0.234068607914404,1.28467867371368,1.15644534963136,1.33266809574286,12.1103392194581,0.077172948562578,1419.56762329782,578.198452167712,1607.82208330168,0.0523611825057766,15.0565767318926,0.00152719739607889,1.04643157880514,0.944787707813966,1.00192322445705,0,0.998620598105441,0.409656869411412
"oto21","middle",1653903.83351322,0.617717822605118,3.22621181985424,300.843632563775,1959.47048403443,1.61675837894962,9.61969160463371,0.211660504811621,1.19835834793731,0.28679142258115,0.395112209996083,12.6737624284822,0.0845165436849798,1422.0760430481,572.490402965616,1620.77839506014,0.0486898118219997,14.4564717384277,0.00179820985775959,0.887525497444797,0.79059961211094,0.819765899300532,0,0.828722927393137,0.403827556606471
"oto21","edge",1553802.21126016,0.527807034097921,5.00201248133401,216.059598374379,2685.48095053446,2.60472928426378,15.6528860274367,0.231534463897171,1.11316831794619,8.78591626775166,9.2256498010579,23.5153093575223,0.0767457436724714,1322.55046026142,527.977819451462,1520.37937501873,0.0567966666716068,24.7354139713014,0.0165691451680071,1.05765455580232,0.922663562487181,1.02813365590083,0,1.01034494864411,0.400070418125364
"oto22","core",1962011.1114341,0.368174098704031,1.97131149635234,160.949686974401,1225.50023123813,10.1346094402836,9.4768948973354,0.189772738413259,1.15001169494601,0.329173615887851,0.443642929316624,15.1066412926135,0.080614341831049,1672.818771971,665.347160928436,1866.89382220489,0.0655155081640591,11.768700418089,0.000589539001047456,0.542694267232576,0.513604099850688,0.534615748717101,0,0.531074843596781,0.402839761091593
"oto22","middle",1704408.52079191,0.393429592649093,2.45221264959151,105.870461848368,1315.15174813907,2.30424018933975,10.215245269705,0.20263594223202,1.21075818775169,0.270256777711512,0.372298812269479,15.8189550696346,0.0721747422278406,1322.20040728163,530.442259775699,1501.90840877649,0.13188554622392,13.2495470150751,0.00356729779297525,0.60935262295891,0.519538887099674,0.555423864756654,8.62614514589567e-05,0.559889743098157,0.403751160080906
"oto22","edge",1488041.21879649,0.39613502695601,3.25316223051172,116.932689217541,1711.11023598798,3.00051869800913,10.3938698792941,0.208565105009912,1.24920740863391,4.85474337537183,5.30342415097192,26.4051413308659,0.0861301717535619,1470.05827385075,591.767177745481,1658.00349133086,0.277161910091231,16.7023128593817,0.00937083220274416,0.908539396705269,0.877137343047165,0.889814229615468,0,0.890177497307248,0.403648646988983
"oto23","core",1973315.69382637,0.329732654891284,1.11604184089392,143.421849254263,1238.25148611191,0.494772603894069,9.78633203105906,0.212017596989855,1.18844499881091,0.262101748855118,0.336159737388137,10.4529258489089,0.0401999235366675,1397.08311493077,561.460787679289,1608.64132649323,-0.0522260431291806,14.8292450171244,0.000215301287839668,1.1009461924866,1.01868460217907,1.03637364228432,0,1.04671673105893,0.404030880263799
"oto23","middle",1719790.5601353,0.336048127198796,1.56848539623277,107.649698285771,1558.45511646212,2.32523076318787,10.0904005384225,0.201618397524732,1.21716234208172,0.299195814655705,0.425162649771231,14.3773674017414,0.0343039843034307,1327.71655592033,533.025171015599,1508.76084938663,0.0464957961997977,12.4157462031223,0.000420229826341057,1.0766279381716,1.02630216541851,1.04558524197631,0,1.04726237465708,0.40323802464393
"oto23","edge",1582566.69515389,0.268649696111274,1.63691982921064,104.026585912981,1380.4124711483,4.22698229366857,13.8491595390176,0.223845414753599,1.14383756718743,5.87004991668786,6.22117849451098,21.7878348576541,0.062435574928438,1313.99110266415,529.795977584706,1485.90411402371,0.245458225564657,20.7400461915255,0.000813690533698684,0.649780390014484,0.574333386537239,0.536070184679476,0,0.571820935193438,0.407426585281057
"oto24","core",1958263.14444465,0.324811457552959,1.32905788419479,182.348977789002,1614.00859746093,1.10813040037985,10.4992998183451,0.19109790883653,1.20638730521008,0.0570291028831543,0.175741326225957,15.4609228795899,0.0123443226899572,1500.00724438111,597.999565122221,1684.07433099152,0.0359384875667032,17.2725174161437,0.000384914060331031,0.69687654844774,0.612764557858212,0.630220177631861,0,0.641792875539983,0.401985035837741
"oto24","middle",1689981.28471391,0.302725925802218,2.3545408421067,105.73737380016,1551.29375015205,2.02320473081179,9.94287745275118,0.193334715932134,1.17565418893437,0.0503745385183279,0.148038652606847,19.1648505306839,0.0205779056439741,1360.59621877128,547.998140435414,1532.40115179219,0.164474828873866,17.4836768753143,0.000208230235787227,0.859364522506967,0.824003574277497,0.823881129257359,0,0.831323736623109,0.40404430444855
"oto24","edge",1584791.31322556,0.220876534886369,2.91256568427034,96.7016790942511,1012.46319884211,4.19714999096122,11.4772639578062,0.252504432950327,1.10025968146622,4.53417189749709,4.92604551537074,31.6308744530175,0.000368488249904962,1252.33263548519,490.598171260144,1386.1131117917,0.169797176943032,28.568218367814,0.0036149336603259,0.976664571279324,0.738472365070563,0.860216797818855,0,0.86056290236137,0.394415584169027
"oto25","core",1969481.27332304,0.20203184228109,1.6134779464633,198.126800290856,1620.34584455142,0.915406007913009,8.62755409792318,0.174950064583051,1.12289523931706,0.247391456395594,0.325691659543628,5.82329266321376,0.00961497733223358,1459.18857796528,588.74915731177,1611.05367734531,-0.0027510185272096,14.8450184597553,0.000187176452837282,0.0679088799227129,0.0478860370743788,0.0458964550732959,0,0.051692764231969,0.411352069884989
"oto25","middle",2023478.48626352,0.223081236127923,1.06880476680195,185.502864130289,1616.62411103545,2.44310957469986,8.80747905457557,0.19294037699929,1.16324534653509,0.148931519421952,0.258870764121953,4.46693198519118,0.027010682054505,1391.28177058095,557.892449497958,1600.11120382593,0.0452613231452714,15.4926925904677,0.000106526959498038,0.0526924674780669,0.0533246575244283,0.0587141601063492,0,0.0559054748906205,0.408641129911624
"oto25","edge",1886355.060602,0.0387174308829198,2.91090870408585,163.962282082925,2023.92411560369,4.7951779284634,12.132101280359,0.194697089695027,1.2531328057053,2.45703130792928,2.88412294696214,7.5567435015256,0.0466753687720177,1223.32009877449,504.584176852446,1451.55678633623,-0.012174411620957,33.209697087029,-0.000755398883320063,0.025679589746524,0.0405975213578787,0.023765751497527,0,0.0279357811896029,0.415536819572798
"oto26","core",1627287.98387572,0.856366140353893,1.4004219178807,437.766478397421,2069.89090485553,0.63176789371489,12.4690953442469,0.226405673495179,1.30813683473871,3.22548598396878,3.59605637237646,2.77382533637298,0.0337002877874881,1570.04936213545,627.0245746244,1790.92016636929,0.0363430872279473,5.00261792497801,0.00192912391886298,0.454852401583498,0.474906618619451,0.509771559015365,-0.00046067677686068,0.487583082563236,0.402721508970979
"oto26","middle",1725167.22425068,0.373519852799125,1.81299656052624,319.662884895461,1723.03627063038,1.77115615972591,9.1119285458277,0.203166931890692,1.14673617488886,2.26979426363426,2.67721496289239,1.84965175287483,0.0264344653038087,1440.59089568911,579.236390181451,1655.65575383226,0.011437311312919,4.4274816877502,0.0024196748117076,0.344783952451553,0.325306900291126,0.34324384553474,-0.000733645163641086,0.339064416149065,0.404137399113368
"oto26","edge",1512594.82402826,0.458394804986239,2.10854873025933,337.26930976117,1694.28462835694,4.28085891524528,10.824887228887,0.251762417724717,1.36452964049638,6.33998663254105,6.17772847702197,2.79044446557891,-0.0032367212093408,1397.58589594037,543.889665675949,1596.01465269815,-0.0971297053117155,2.24384017392672,0.00301105855837131,0.477576978016927,0.454339796175005,0.4818604442423,-0.00084686397806752,0.473878310532503,0.389839303320343
"oto27","core",1973500.51151587,0.550373063689902,3.04590138570854,528.982498021046,1133.82239137496,4.12399760309681,8.04783451822398,0.227866396003159,1.17782759361271,0.174143270785502,0.31919532010185,16.3062259896629,0.0345920399058759,1723.73803588681,680.244378570168,1941.20736212307,0.267845085645869,11.9132423672028,-0.000590440039066732,0.937194014656681,0.887086042029753,0.858288920241537,0,0.882756744698973,0.400772132684314
"oto27","middle",1787463.19968475,0.694385251312593,2.83966677187179,356.925725894602,1504.51915582616,1.9733858963092,8.78373433762983,0.227826866632939,1.21198677994295,0.215077139223096,0.325881940675447,20.3896853013076,0.0351280163347414,1412.57657445877,567.240653974375,1610.29620118724,0.284711258819671,11.396093731256,0.000142607388491311,1.17597777421718,1.07792299414627,1.1117819661433,0,1.11826090699967,0.404519969421655
"oto27","edge",1656201.91779885,0.701820231446047,3.9506172890689,316.220254293656,916.477770133272,3.15470064537024,7.99165184117718,0.208394115439273,1.06776424056414,0.548532074208873,0.602209592386314,22.6622978009328,0.0445544199621981,1240.43790493612,502.043739566362,1439.41669038337,0.261957297987971,2.08381219551105,0.00122489140698121,1.40528312766859,1.36496014589123,1.54700907461081,0,1.46887776067635,0.404991287842643
"oto28","core",1772233.35647489,1.40673559733064,3.44972196404604,494.524308804481,1199.43478300947,0.185147197033118,9.12570207403446,0.226079020081962,1.23801203982082,0.414027575863394,0.569695051401772,25.8000052386782,0.00725411708983207,1552.17132928116,621.112882499206,1743.64625290555,0.259206713304247,6.67125013021287,0.00105079061229363,1.94682300110968,1.64779283158766,1.75965091576251,0,1.77811192901734,0.403432496782344
"oto28","middle",1805843.87775247,1.39360487387158,1.98245925955884,357.289814029164,1112.19344188633,6.86536953252849,8.94865492231432,0.271864759219197,1.21199827284241,0.222361221452075,0.349470659685552,26.5640534058609,0.0328765608641465,1504.68234177296,598.401448061856,1706.23629910267,0.253374139887414,6.20414691110747,0.00150274811868564,1.84862095192044,1.71115028593576,1.79268825157443,0,1.78535498693087,0.401928031352741
"oto28","edge",1712400.42535456,3.30719793636987,2.41618452233223,292.080399607793,1445.21539692245,3.25426242681186,8.35873350103834,0.239312577644214,1.17090517241104,0.301443593273717,0.433430387127268,33.440548282178,0.0349636841238462,1268.99986989271,503.496571382155,1450.44879941044,0.429442360578119,2.41135306131025,0.00233068066842672,1.97444286665892,1.75172343659023,1.84416773655315,0,1.85271699887873,0.399446061179977
"oto29","core",1967599.26889169,1.3896960924043,1.31474332228222,667.315489285323,1743.82639509169,0.873185519455434,8.89151594586297,0.172321796452308,1.06718831208204,0.322960965436206,0.318037337627987,9.26502682717618,0.00642606325118085,1647.80262242952,677.411992700729,1881.87216763785,-0.0236821311159635,8.86719684934722,0.000526571512125046,0.0666307359426786,0.0578765930480677,0.0521789185295623,-0.000309294055194713,0.0569156831655421,0.418143785616859
"oto29","middle",1785495.69193229,1.22670318926964,1.82779075178602,456.105275161459,2416.69001622006,1.70825504836088,9.44054743832685,0.168737403662753,1.15869199315046,0.31496066892155,0.420380163042261,11.6379032419679,0.0303536790326706,1483.84028372446,602.889176573196,1742.80710317437,-0.0456066551112197,7.74406891604729,0.000379097086779546,0.126594105822339,0.091702731768166,0.0833258761526857,-0.000298125812517823,0.09572553295666,0.410235668526927
"oto29","edge",1611777.1049242,2.17400525277831,4.01540801512647,292.432689983012,2054.94601369144,2.17610125116999,20.7714391946157,0.179557226068215,1.21840783723864,5.50569438183901,5.85258065630892,22.0497727699644,-0.0114521243656234,1497.98686642188,613.648482933997,1750.72621967343,-0.0192618832881513,4.27410075655169,0.00315795257899343,0.131730435743563,0.17464258525474,0.137890285945807,-0.000340184267732238,0.14426042943584,0.412238568077505
"oto30","core",1604230.55285757,0.585338971752675,1.47402713733343,365.190667173112,1895.61269320308,0.965979887364191,10.1146660143835,0.209765831056372,1.29411804152322,7.75730154414731,8.02802760452852,11.4618802817917,0.0223077624550281,1600.05529302411,629.462609827419,1808.18637045297,0.207016987109186,9.13701381365498,0.00255278304428751,1.20516253158597,1.07037562916886,1.07229682390392,0,1.10288524357864,0.399471921998645
"oto30","middle",1673663.63390485,1.23945736229583,1.59927052048761,325.338963952393,1937.29452357927,1.06860403771069,9.0498905540135,0.183635503786526,1.32685578487186,0.229214417039427,0.291346680910538,13.6645084801033,0.0266909055706524,1548.1918566547,625.685105758264,1789.36381657586,0.234851907093988,4.64854619435058,0.0010655164670382,1.1553610115556,1.02952567912404,1.10228364671327,0.000273417478512259,1.0973383497026,0.406339360376431
"oto30","edge",1571287.16470034,1.33545684672535,1.62338095781649,296.604847412686,1897.38851338266,0.932919738396413,6.70292082247672,0.199918389504325,1.29834285344893,0.183642610549765,0.389095934701523,16.0632285082896,0.0709223311173461,1573.61317420961,630.321546903915,1798.33582127649,0.188154163736918,2.67742607318502,0.00213812104262239,1.4108049820328,1.42450139658304,1.40213206762305,0,1.40681579537722,0.401093565581995
"oto31","core",1827845.1085046,0.314295166050286,1.92829490479852,125.791356200742,2060.76671189803,1.69050864443713,11.7165271943493,0.214763391015196,1.15666085266135,0.722432386045486,0.88376120187095,14.2823010305528,0.0156854387404096,1532.05056281204,612.450879513063,1746.95004594306,0.0556576410684172,50.0860533310598,0.000619886890802552,1.69030312373561,1.57064543350174,1.55626664945923,0,1.58990996177776,0.403336926980788
"oto31","middle",1851262.84105151,0.260315536332969,1.3331635771926,126.195283461683,1795.99932487422,2.31009764684107,11.7342700609446,0.219560761808788,1.2312006858201,0.18795761657193,0.290624171283732,14.1902092242526,0.0267177367652458,1513.03831405757,604.875573806512,1712.76972449462,0.0853503185310117,18.8562812066244,0.00102047290384802,1.29790216973106,1.16905723047209,1.22515164974584,0,1.22854837568143,0.40241422242066
"oto31","edge",1581599.5741099,0.222236981103386,2.07916762616043,121.801373250707,2216.9563147793,4.46744110611119,13.6730360921093,0.20478889461572,1.28045720359039,0.240267195236283,0.343629144182438,21.8703492976258,-0.00625050941823218,1451.90567830153,564.629311590387,1582.01455263087,0.042004040208854,10.7455724190186,0.00130804390105406,1.40800953082372,1.37735002743665,1.45424871254425,0,1.42318043992003,0.392029817689506
"oto32","core",1877873.40218354,0.614174462970336,1.51515190215251,77.3695086243824,1150.58721573243,0.666096441054938,8.51028428497893,0.216172749793056,1.1539898720533,0.689588885820773,0.834755706464266,14.2919002551371,0.0423616241084514,1274.90452809521,515.747024210447,1482.04505077126,0.116447612779452,3.80415395812644,0.126416248876096,1.5533724496173,1.43655567375519,1.56943728980683,0.000281600401612651,1.53316221076857,0.406368963948847
"oto32","middle",2090774.62462918,0.847700359250748,0.955177112555889,87.0213269223622,1190.2183468049,1.26418414888445,9.33070812387978,0.219840862109448,1.23079552493585,0.227366317821931,0.338121809180326,12.9263600527126,0.0318802060635487,1348.12994595431,539.531750930659,1529.46026316227,0.147279538285856,8.29133008226444,0.000843572350174623,1.46204178245492,1.37476542628935,1.4085173185705,0,1.41177343445392,0.403470523590886
"oto32","edge",1955061.95342035,0.824514097726939,1.07489222949889,91.3062449172231,943.134101786571,2.709106615951,8.99222667269646,0.218836656809459,1.04736332931859,0.215133562033977,0.269024725365022,13.3243195433686,0.0377240532171474,1240.6844160773,509.842958432024,1419.15449438385,0.0649241102819621,3.18978762917035,0.00130804162888103,1.55066932070549,1.46577355738607,1.53018053628975,0,1.5182341543704,0.412976779514835
"oto33","core",2055552.71023448,0.526784765215302,1.02753897113055,119.071483312364,1558.4233343738,1.21917036334462,7.98169753948198,0.202351215281473,1.15342804894082,0.133499168335893,0.200131323714627,0.755853415055603,0.0192889377626971,1505.93225237774,609.629311846533,1763.25010063182,-0.0166984796621445,15.4090046902766,-0.000320417595447178,0.0692232931232138,0.0655916895034653,0.0754991896301519,0,0.0715857365899802,0.409738079355767
"oto33","middle",1806504.33952622,0.432505856277975,1.20801179039804,100.506142980918,1788.33939188348,8.64921311783443,7.96761939746018,0.197286704358042,1.19138119728737,0.193290043086792,0.242488499771722,1.50611813034935,0.024990024652433,1263.71032595671,512.510587827333,1463.0444316519,-0.0455004568753404,6.90134930163573,7.52763835872564e-05,0.122150243991162,0.109595357966047,0.117321079869404,0,0.116554527496317,0.407379555978427
"oto33","edge",1706528.80086258,0.0729857003925395,0.89785532676951,91.706392223622,2613.2430323953,13.1442527578925,10.2499898396448,0.222622319305363,1.18370732211108,2.90133117074929,3.54439493880925,1.38590844744926,0.0155165317643948,1329.80374653444,548.466321500998,1603.81411232568,-0.120472039153067,12.7486325913442,0.00385226129606511,0.0400281940362123,0.067394101519684,0.0500462230568232,0,0.0513239936015779,0.41397355096475
"oto34","core",1764601.7580487,0.871836009982473,1.77427440451626,100.832359681234,1483.4944287116,2.21981101907268,9.70551831335739,0.212335309941169,1.26466392541479,0.267502452566218,0.387942945139031,8.59583723555602,0.032658186819903,1549.81724160943,623.171186402836,1785.22902396839,0.0127644997493615,7.55039889402697,0.00145095792340867,0.971453749885844,0.915829458064747,0.94416513258364,0.000159608897582765,0.94291362633521,0.406239963890424
"oto34","middle",1717178.60299292,0.83858092052356,1.63381382151529,91.6502110839109,1669.90245959198,2.41645596419152,9.49856315906785,0.211446235960054,1.25530370540488,0.233943861925544,0.387407487491585,11.5457625150874,0.0314550274358203,1420.51159823484,572.754344679323,1645.24702056688,0.0534615553821508,9.63625868752742,0.00105899043985464,1.03492588573462,1.01335180299895,0.994772194658644,6.62361994745436e-05,1.00703874963133,0.405632671371753
"oto34","edge",1634644.35429344,0.750207942369665,1.19754678033214,96.1985005270048,1170.07050029196,5.23999746302148,9.6314358441949,0.184015722729189,1.22535441512897,0.265530258891938,0.388913290152138,12.7369828895931,0.0393165262355346,1288.14892096952,523.501252818685,1511.88513612253,0.107469651356584,16.608972931175,0.00482070163219486,1.1174923372095,1.13343138021633,1.13484018447707,0,1.12818179624789,0.407857255576685
"oto35","core",2141369.99148078,0.641351801506946,2.01617709993508,121.425068478366,736.610407430064,0.258330182616174,7.50738079691851,0.186892164928781,1.18688706353179,0.232647717907217,0.29438159811695,7.62629892519581,0.0810119903768808,1459.900208194,580.518736168742,1674.7088558479,0.0374264845053685,9.41553430918514,0.000596419024895786,1.00473427633167,0.914223926517511,0.883103744870535,0,0.918505919503835,0.402244160384786
"oto35","middle",1999455.66753689,0.6027823514188,1.97971893929774,92.9330775302315,1175.80424276871,3.2696315440246,9.53491091161455,0.197531095234884,1.19001461005644,0.235235168622185,0.290501509972413,10.5512912870582,0.0599612018983183,1364.23656005456,548.069178241285,1555.59508465352,0.0997616662026033,11.6385412232506,0.000839371666769551,1.0364526558721,0.985812436391128,1.0070851415635,8.80577148444368e-05,1.00778396936517,0.406409252017551
"oto35","edge",1842989.53358114,0.410938581239629,1.49244291159269,100.786686401604,1521.75388978579,10.0543578713965,8.18005976832515,0.208881427150505,1.15262948702315,0.32432768699649,0.327279242506507,11.3417528418772,0.0867008641980876,1072.79671764469,423.392933101651,1211.7785951633,0.0615096328851558,7.77845912008903,0.001400992252909,0.95779053905131,0.888742272447688,0.968313432223791,0,0.94625291068534,0.397964953545077
"oto36","core",1673355.18013867,1.7439258228741,0.8789260872225,100.59678465727,1551.38096593556,1.88098278267116,8.63831475752177,0.192652578626697,1.30357462440056,0.891654403491042,0.980366050528492,3.34270046437497,0.049137485833683,1437.1092793959,582.632200046977,1675.35981861754,0.019081907603355,8.9548763073791,0.000414324180203904,0.0957397095009616,0.0872121682220675,0.0920846111262766,0,0.0917133823903407,0.412507218546105
"oto36","middle",1707496.87830513,0.64239001262448,0.944319719281857,86.6111544581478,1447.38418202434,3.64529520574063,7.89594342308274,0.186497413319982,1.15633636187546,0.451974194464494,0.566988660345131,2.45188917065175,0.0546620780325751,1401.45484501202,568.904847372106,1619.54679811587,0.0230080972590787,3.8547444383302,0.000764703993715074,0.038218587950108,0.0666853989503204,0.0535839871400037,0.00015448343481426,0.0525857945191103,0.411603547587568
"oto36","edge",1558946.28604681,0.948744431570067,1.26737329596672,167.416896704795,1377.92950714655,4.61466520313563,9.85303796152501,0.251443680976436,1.42036692166984,7.65830617407762,7.88201217419805,3.59539122836494,0.0829369646668312,1501.01462853522,609.857133104026,1764.61099882594,0.0987655213369652,2.00798637116658,0.000381033368953365,0.109976688337071,0.157922322839816,0.134690604579541,0,0.133464654190813,0.414333323885296
"oto37","core",1831614.64836606,0.733255139157491,1.0899049815296,108.35324603275,1560.65096609998,1.13929349258661,8.73950775366032,0.172479890654332,1.25529007767138,0.153305355230582,0.23014887124673,2.12473185732025,0.0249532902346664,1524.46233786484,629.476699350063,1782.76937853531,0.0489250404136426,14.2811333797983,-0.000915306933386671,0.0632385608034431,0.0627720296895692,0.0724603530536481,0,0.0678703463817458,0.419137307963864
"oto37","middle",1691001.9020042,0.425348165400156,1.21735273974514,90.1134763595788,1849.45810850666,3.56573154908406,8.80750337880635,0.170746463931593,1.1781062890574,0.199404434500124,0.234041087066955,2.01914186143916,0.0416260968016862,1349.23685676157,554.953366099813,1582.62617095634,0.0112787309497974,6.90690184210607,-0.000636865567242801,0.0691088012265098,0.0708515524205302,0.075746909243401,0,0.0728558578122943,0.41863736782423
"oto37","edge",1608636.53515144,0.474053365722887,2.00368191320012,78.6351597653947,1992.87796064905,5.21081074296874,10.4565047921848,0.197548538235413,1.42383381655954,4.40468186631943,4.545684601814,3.4671886917259,0.0788314028243056,1467.92064397355,612.190239023366,1700.31536119447,-0.107350904943685,4.15700710853582,0.00120977751540537,0.0654746050286851,0.0273637288529261,0.0349982227298221,0,0.0407671374476683,0.430094737181165
"oto38","core",1624665.66679737,1.72096446751664,1.55114584521205,230.78412367241,1052.77590783661,1.18190993945352,7.03295216684743,0.20365564968943,1.13083628889335,0.298772518887596,0.336752360659903,2.73722301095611,0.00776299790752956,1439.11830607034,592.926176112589,1661.18074545258,0.0325581994482891,17.2205899299414,-0.000145531788135049,0.0310780154072459,0.0473663664265635,0.0368814411127053,0,0.0377006583858874,0.41800967211278
"oto38","middle",1494715.05267597,2.00358929558124,1.18038262548352,187.414838465043,1266.38967890785,2.72540908947258,6.64088646326696,0.183764190133254,1.23698731472302,0.159181241160171,0.242313374045766,3.19599510918587,0.0182298675409143,1424.18586572011,577.440910611795,1662.10727925988,-0.0170258057075247,18.8148984015143,-0.000197614412288799,0.0560935695297476,0.0595131824080827,0.0456309841878083,0,0.0512127964667096,0.410082479406253
"oto38","edge",1362482.55027737,6.7492408028417,1.23598640228538,264.486243135774,1464.25168020593,5.10636103431595,32.8175850537252,0.203142944587988,1.24422184357622,3.51471444166824,3.68013098267013,12.4359119747796,0.0388720950696057,1482.65379521406,668.042067960276,1799.63819775789,-0.0415040758487344,19.0673175635198,0.00285916761500017,0.0725742512177254,0.032178668637826,0.0572455545887929,0,0.055337405781952,0.449631260665958
"oto39","core",1960387.75484943,0.947706052989318,2.42933283189002,90.2218340575917,1842.09756581926,0.887631373819643,8.89265591622702,0.260478087922198,1.22289891317218,0.286312414037815,0.372955079331798,9.85416884376461,0.0283029812089167,1524.17618691465,616.91234961881,1770.90774307005,0.0470880282111885,19.7908589918602,0.00100466611629664,0.391278906031367,0.424707928901696,0.419307008517137,-0.00023309710295727,0.412745557025419,0.410489517005298
"oto39","middle",1744381.46896416,1.33257579639517,2.31399369698996,101.730382530897,2145.75762972238,2.66178472396101,9.39092996302421,0.273921696007843,1.20842999712043,0.240342714166088,0.336469045278809,14.1958095628827,0.0245832783925243,1475.07433451756,589.203539510031,1690.35307034375,0.118101620311133,21.4731678829662,0.000680441259841548,0.52325279075944,0.473029703192291,0.475960202480084,-0.0001692506505865,0.486070926302406,0.404768839135614
"oto39","edge",1363465.11695024,2.91696913788617,2.57327343079046,144.153361219793,3115.22545867583,5.49872116631002,10.7925916521703,0.208592929352434,1.12668710377223,1.72001546270549,1.94013879239145,17.5313697261474,0.0176231834511373,1601.46787579988,632.497148440123,1862.61919234238,0.137652416090721,59.4486229027418,0.00201798369105336,0.437825378320784,0.495251580646653,0.420869057582017,-0.000280126098574433,0.44077827906896,0.4000230679809
