"Variable","Fold","region","N_Calibration","N_Test","Mean_Calibration","Mean_Test","Median_Calibration","Median_Test","StdDev_Calibration","StdDev_Test","Min_Calibration","Min_Test","Max_Calibration","Max_Test","maxdiff","mindiff","meandiff"
"length",1,"E Shumagins",30,3,42.3333333333333,44.6666666666667,40,47,8.87590047236912,8.7368949480541,29,35,64,52,12,6,2.33333333333333
"length",1,"LPW",52,5,112.076923076923,127,107,135,20.1804080429084,38.7233779518265,84,85,177,182,5,1,14.9230769230769
"length",1,"N Kodiak",27,4,53.6296296296296,51,52,53,13.0417912530572,19.4079021706795,36,30,77,68,9,6,2.62962962962963
"length",1,"S Kodiak",12,2,43.6666666666667,44,43,44,5.06921785850339,9.89949493661167,37,37,54,51,3,0,0.333333333333336
"length",1,"W Shumagins",26,3,47,52.3333333333333,46.5,55,9.01110426085505,5.5075705472861,30,46,64,56,8,16,5.33333333333334
"length",2,"E Shumagins",29,4,42.8965517241379,40,41,40.5,8.89761134713857,8.28653526310404,29,30,64,49,15,1,2.89655172413793
"length",2,"LPW",53,4,113.88679245283,106.75,107,103.5,22.3844557822529,22.6476636028237,85,84,182,136,46,1,7.13679245283019
"length",2,"N Kodiak",27,4,53,55.25,51,57.5,13.9062797104263,13.3010024684858,30,38,77,68,9,8,2.25
"length",2,"S Kodiak",13,1,43.7692307692308,43,43,43,5.62959214262523,NA,37,43,54,43,11,6,0.769230769230766
"length",2,"W Shumagins",26,3,47.5,48,47,54,8.83289307078943,10.3923048454133,30,36,64,54,10,6,0.5
"length",3,"E Shumagins",30,3,42.8,40,41.5,37,8.51934917378244,12.7671453348037,30,29,64,54,10,1,2.8
"length",3,"LPW",50,7,114.14,108,107.5,107,23.320316096853,12.2746350930146,84,87,182,125,57,3,6.14
"length",3,"N Kodiak",28,3,53.5357142857143,51,53,41,13.5523187652646,17.3205080756888,30,41,77,71,6,11,2.53571428571428
"length",3,"S Kodiak",12,2,43.0833333333333,47.5,43,47.5,4.8889175848561,9.19238815542512,37,41,51,54,3,4,4.41666666666666
"length",3,"W Shumagins",26,3,47.1153846153846,51.3333333333333,47,53,9.06565793785282,5.68624070307733,30,45,64,56,8,15,4.21794871794872
"length",4,"E Shumagins",30,3,42.8,40,41.5,37,8.78242759621499,9.8488578017961,29,32,64,51,13,3,2.8
"length",4,"LPW",52,5,114.076923076923,106.2,107.5,106,22.7111842136451,17.2829395647847,84,89,182,129,53,5,7.87692307692308
"length",4,"N Kodiak",28,3,53.3214285714286,53,51.5,54,14.0239307942044,11.5325625946708,30,41,77,64,13,11,0.321428571428569
"length",4,"S Kodiak",13,1,44.2307692307692,37,43,37,5.26234811584218,NA,37,37,54,37,17,0,7.23076923076923
"length",4,"W Shumagins",26,3,48.1153846153846,42.6666666666667,49,43,9.00367446358173,5.5075705472861,30,37,64,48,16,7,5.44871794871795
"length",5,"E Shumagins",29,4,42.6206896551724,42,41,41.5,9.05701698409837,7.16472842006823,29,35,64,50,14,6,0.620689655172413
"length",5,"LPW",51,6,112.549019607843,120.5,106,125.5,22.8782112285818,15.9593232939245,84,95,182,137,45,11,7.95098039215686
"length",5,"N Kodiak",27,4,53.7777777777778,50,52,49.5,14.0885478132836,11.0453610171873,30,40,77,61,16,10,3.77777777777778
"length",5,"S Kodiak",12,2,43.25,46.5,43,46.5,5.41252755609194,6.36396103067893,37,42,54,51,3,5,3.25
"length",5,"W Shumagins",26,3,48.6538461538462,38,49,36,8.23136590216864,9.16515138991168,36,30,64,48,16,6,10.6538461538462
"length",6,"E Shumagins",31,2,42.5483870967742,42.5,41,42.5,8.70187224941629,13.4350288425444,29,33,64,52,12,4,0.0483870967741922
"length",6,"LPW",51,6,114,108.166666666667,108,100.5,23.0252035821619,14.7840003607504,84,96,182,128,54,12,5.83333333333333
"length",6,"N Kodiak",29,2,53.551724137931,49.5,54,49.5,14.0676584682144,2.12132034355964,30,48,77,51,26,18,4.05172413793103
"length",6,"S Kodiak",13,1,44.0769230769231,39,43,39,5.45376839841863,NA,37,39,54,39,15,2,5.07692307692308
"length",6,"W Shumagins",27,2,47.7407407407407,45,48,45,8.9939834273662,7.07106781186548,30,40,64,50,14,10,2.74074074074074
"length",7,"E Shumagins",30,3,41.8,50,40,54,7.72992394127724,16.3707055437449,29,32,54,64,10,3,8.2
"length",7,"LPW",49,8,113.428571428571,113.125,107,108.5,22.59424705539,21.642798208312,84,95,182,157,25,11,0.303571428571431
"length",7,"N Kodiak",29,2,53.2413793103448,54,52,54,13.7416342665373,16.9705627484771,30,42,77,66,11,12,0.758620689655174
"length",7,"S Kodiak",13,1,44.1538461538462,38,43,38,5.36727978660441,NA,37,38,54,38,16,1,6.15384615384615
"length",7,"W Shumagins",26,3,46.8076923076923,54,47,54,8.63953346318761,9,30,45,64,63,1,15,7.19230769230769
"length",8,"E Shumagins",30,3,42.7333333333333,40.6666666666667,41.5,36,8.8665716009077,8.9628864398325,29,35,64,51,13,6,2.06666666666667
"length",8,"LPW",51,6,112.56862745098,120.333333333333,107,118,22.2551161775991,23.217809256402,84,90,182,149,33,6,7.76470588235294
"length",8,"N Kodiak",28,3,53.2142857142857,54,53,48,13.530095789147,17.7763888346312,30,40,77,74,3,10,0.785714285714285
"length",8,"S Kodiak",13,1,43.4615384615385,47,43,47,5.54700196225229,NA,37,47,54,47,7,10,3.53846153846154
"length",8,"W Shumagins",26,3,47.1538461538462,51,47,55,9.01417686843256,6.92820323027551,30,43,64,55,9,13,3.84615384615385
"length",9,"E Shumagins",29,4,42.3793103448276,43.75,39,41.5,9.05701698409837,7.04154339142587,29,38,64,54,10,9,1.37068965517241
"length",9,"LPW",53,4,112.905660377358,119.75,107,106.5,20.796878603571,41.3067791046458,84,89,182,177,5,5,6.84433962264151
"length",9,"N Kodiak",28,3,53.1071428571429,55,51.5,54,13.6363872855334,16.5227116418583,30,39,77,72,5,9,1.89285714285715
"length",9,"S Kodiak",13,1,43.7692307692308,43,43,43,5.62959214262523,NA,37,43,54,43,11,6,0.769230769230766
"length",9,"W Shumagins",26,3,48.5,39.3333333333333,49,39,8.80113629027525,1.52752523165195,30,38,64,41,23,8,9.16666666666666
"length",10,"E Shumagins",29,4,42.551724137931,42.5,41,43,9.10488960824485,6.60807586719967,29,35,64,49,15,6,0.051724137931032
"length",10,"LPW",51,6,114.254901960784,106,108,102,22.6007461268471,19.380402472601,84,88,182,143,39,4,8.25490196078431
"length",10,"N Kodiak",28,3,52.5357142857143,60.3333333333333,51.5,68,12.8854846352675,21.548395145192,30,36,74,77,3,6,7.79761904761905
"length",10,"S Kodiak",12,2,43.5833333333333,44.5,42.5,44.5,5.86915408700178,0.707106781186548,37,44,54,45,9,7,0.916666666666664
"length",10,"W Shumagins",26,3,46.9230769230769,53,47,57,8.26037808782662,13.4536240470737,30,38,63,64,1,8,6.07692307692308
"read_age",1,"E Shumagins",30,3,78.5333333333333,76.3333333333333,76.5,75,9.48586365047497,14.047538337137,64,63,97,91,6,1,2.2
"read_age",1,"LPW",52,5,140.711538461538,145.2,134.5,139,24.4551101668547,25.4106276978748,109,116,205,178,27,7,4.48846153846154
"read_age",1,"N Kodiak",27,4,91.2222222222222,85,87,84.5,16.9599830672388,18.4571575998762,69,65,127,106,21,4,6.22222222222223
"read_age",1,"S Kodiak",12,2,79.5833333333333,78,78,78,11.2771557772447,7.07106781186548,64,73,104,83,21,9,1.58333333333333
"read_age",1,"W Shumagins",26,3,82.1923076923077,90,81,87,10.8628513044016,6.08276253029822,56,86,102,97,5,30,7.80769230769231
"read_age",2,"E Shumagins",29,4,78.3793103448276,78,75,76.5,10.1115697280161,7.16472842006823,63,71,97,88,9,8,0.379310344827587
"read_age",2,"LPW",53,4,141.22641509434,139.5,135,139.5,24.7492358152685,20.9204843793509,109,115,205,164,41,6,1.72641509433961
"read_age",2,"N Kodiak",27,4,88.9259259259259,100.5,86,102,15.3696151944371,25.9935889531759,65,71,116,127,11,6,11.5740740740741
"read_age",2,"S Kodiak",13,1,79.6923076923077,75,78,75,10.9269133746651,NA,64,75,104,75,29,11,4.69230769230769
"read_age",2,"W Shumagins",26,3,83.1153846153846,82,82,88,10.1047589702157,17.7763888346312,56,62,102,96,6,6,1.11538461538461
"read_age",3,"E Shumagins",30,3,78.2,79.6666666666667,76.5,74,9.64686835017029,12.5033328890074,63,71,97,94,3,8,1.46666666666667
"read_age",3,"LPW",50,7,141.36,139.285714285714,136,131,24.5271694415872,24.7367087929005,109,116,205,188,17,7,2.07428571428574
"read_age",3,"N Kodiak",28,3,90.5,89.6666666666667,88,85,16.9978212111413,20.4042479237372,65,72,127,112,15,7,0.833333333333329
"read_age",3,"S Kodiak",12,2,80.3333333333333,73.5,79,73.5,11.0068848977136,6.36396103067893,64,69,104,78,26,5,6.83333333333333
"read_age",3,"W Shumagins",26,3,83.3846153846154,79.6666666666667,85.5,81,11.2074151277694,2.3094010767585,56,77,102,81,21,21,3.71794871794872
"read_age",4,"E Shumagins",30,3,78.6333333333333,75.3333333333333,76.5,75,9.76793958202859,10.5039675043925,63,65,97,86,11,2,3.30000000000001
"read_age",4,"LPW",52,5,141.961538461538,132.2,136,129,24.8816504862531,17.079227148791,109,113,205,156,49,4,9.76153846153846
"read_age",4,"N Kodiak",28,3,91.2857142857143,82.3333333333333,88,77,17.3565168524297,11.9303534454489,65,74,127,96,31,9,8.95238095238096
"read_age",4,"S Kodiak",13,1,80.3076923076923,67,78,67,10.3632734161285,NA,64,67,104,67,37,3,13.3076923076923
"read_age",4,"W Shumagins",26,3,82.9615384615385,83.3333333333333,82,85,11.0832513974222,7.63762615825973,56,75,102,90,12,19,0.371794871794862
"read_age",5,"E Shumagins",29,4,78.2758620689655,78.75,76,76.5,9.66915771085768,11.5289490703475,63,68,97,94,3,5,0.474137931034477
"read_age",5,"LPW",51,6,140.509803921569,146.166666666667,133,138,24.3395748105998,26.0108951531213,109,113,205,184,21,4,5.65686274509804
"read_age",5,"N Kodiak",27,4,90.962962962963,86.75,87,85,17.6602149161099,12.4465524008324,65,74,127,103,24,9,4.21296296296296
"read_age",5,"S Kodiak",12,2,76.8333333333333,94.5,77,94.5,8.18905403942397,13.4350288425444,64,85,93,104,11,21,17.6666666666667
"read_age",5,"W Shumagins",26,3,84.1923076923077,72.6666666666667,84,74,9.62504745243048,16.0416125540213,62,56,102,88,14,6,11.525641025641
"read_age",6,"E Shumagins",31,2,78.3548387096774,78,76,78,9.35431589195338,19.7989898732233,63,64,97,92,5,1,0.354838709677423
"read_age",6,"LPW",51,6,141.450980392157,138.166666666667,137,129,24.4788183746603,25.1270106989802,109,119,205,185,20,10,3.28431372549019
"read_age",6,"N Kodiak",29,2,90.4827586206897,89.5,87,89.5,17.3341543319523,14.8492424049175,65,79,127,100,27,14,0.982758620689651
"read_age",6,"S Kodiak",13,1,79.3076923076923,80,78,80,11.0029133671088,NA,64,80,104,80,24,16,0.692307692307693
"read_age",6,"W Shumagins",27,2,83.0740740740741,82,83,82,10.9822441517973,7.07106781186548,56,77,102,87,15,21,1.07407407407408
"read_age",7,"E Shumagins",30,3,78.1333333333333,80.3333333333333,75.5,85,9.90204901586756,8.9628864398325,63,70,97,86,11,7,2.19999999999999
"read_age",7,"LPW",49,8,141,141.75,135,133,23.6299597968342,30.1650223177204,109,113,204,205,1,4,0.75
"read_age",7,"N Kodiak",29,2,90.6551724137931,87,87,87,17.3704919374145,12.7279220613579,65,78,127,96,31,13,3.65517241379311
"read_age",7,"S Kodiak",13,1,80.5384615384615,64,78,64,9.99679435798784,NA,67,64,104,64,40,3,16.5384615384615
"read_age",7,"W Shumagins",26,3,82.5384615384615,87,82,88,10.8673116058417,9.53939201416946,56,77,102,96,6,21,4.46153846153847
"read_age",8,"E Shumagins",30,3,77.9666666666667,82,75.5,78,9.48858963878897,13.4536240470737,63,71,94,97,3,8,4.03333333333333
"read_age",8,"LPW",51,6,140.764705882353,144,135,139.5,24.3274234026492,26.5631323454144,109,117,205,183,22,8,3.23529411764707
"read_age",8,"N Kodiak",28,3,90.1785714285714,92.6666666666667,88,86,17.2563537872792,17.0098010962308,65,80,127,112,15,15,2.48809523809524
"read_age",8,"S Kodiak",13,1,78.3076923076923,93,78,93,10.2175063443795,NA,64,93,104,93,11,29,14.6923076923077
"read_age",8,"W Shumagins",26,3,83,83,84,81,11.2498888883402,3.46410161513775,56,81,102,87,15,25,0
"read_age",9,"E Shumagins",29,4,78.1034482758621,80,76,80,9.84285392551443,9.86576572463249,63,69,97,91,6,6,1.89655172413794
"read_age",9,"LPW",53,4,141.188679245283,140,135,140,24.4635180530061,26.1406452355969,110,109,205,171,34,1,1.18867924528303
"read_age",9,"N Kodiak",28,3,90.0714285714286,93.6666666666667,86.5,95,16.8103331789498,22.0302821891444,65,71,127,115,12,6,3.5952380952381
"read_age",9,"S Kodiak",13,1,79.4615384615385,78,78,78,10.9970858610769,NA,64,78,104,78,26,14,1.46153846153847
"read_age",9,"W Shumagins",26,3,83.8461538461538,75.6666666666667,85.5,77,10.7282517035808,8.08290376865476,56,67,102,83,19,11,8.17948717948717
"read_age",10,"E Shumagins",29,4,78.7586206896552,75.25,76,74,9.9844707006638,7.8049129826454,63,68,97,85,12,5,3.50862068965517
"read_age",10,"LPW",51,6,140.862745098039,143.166666666667,135,135,23.6626453363466,32.0962095373685,109,110,205,204,1,1,2.30392156862743
"read_age",10,"N Kodiak",28,3,89.8928571428571,95.3333333333333,86.5,101,16.5581786565818,24.0069434400411,65,69,127,116,11,4,5.44047619047619
"read_age",10,"S Kodiak",12,2,79.0833333333333,81,78,81,11.269091544682,7.07106781186548,64,76,104,86,18,12,1.91666666666667
"read_age",10,"W Shumagins",26,3,81.6923076923077,94.3333333333333,82,102,9.80925779361204,13.2790561913614,56,79,97,102,5,23,12.6410256410256
