Cal_Region,Val_Region,ModelType,nComp,R2,RMSE,Bias,RPD
LPW,N Kodiak,SNV+SG,3,-3.987068904,37.27235195,-32.94837033,0.973665469
LPW,N Kodiak,SG Only,2,-8.159807087,49.18483343,-45.470966,0.873209162
LPW,N Kodiak,Filtered SG,3,-15.65057743,66.31361307,-62.59603918,0.747881126
LPW,N Kodiak,VIP > 0.5,3,-23.18200746,79.91608807,-76.00816628,0.66324705
LPW,N Kodiak,VIP > 1.0,3,-18.58943342,71.92816468,-67.29200736,0.644428785
LPW,S Kodiak,SNV+SG,3,-16.71316124,42.87941478,-41.62782567,1.028052528
LPW,S Kodiak,SG Only,2,-29.60439989,53.70302249,-51.71832284,0.68120466
LPW,S Kodiak,Filtered SG,3,-66.27051399,79.61944907,-78.75860099,0.843875792
LPW,S Kodiak,VIP > 0.5,3,-95.58187363,95.40136932,-94.35469914,0.699176013
LPW,S Kodiak,VIP > 1.0,3,-78.67589023,86.65033728,-85.40323915,0.672677836
LPW,E Shumagins,SNV+SG,3,-20.81389381,44.66026263,-43.2557492,0.873855691
LPW,E Shumagins,SG Only,2,-31.06696556,57.60124042,-55.47981564,0.661223966
LPW,E Shumagins,Filtered SG,3,-51.43431389,73.65643551,-72.48365925,0.782285099
LPW,E Shumagins,VIP > 0.5,3,-75.91991479,89.21179966,-87.74279807,0.635206998
LPW,E Shumagins,VIP > 1.0,3,-66.81068932,83.7629536,-81.96720643,0.593654771
LPW,W Shumagins,SNV+SG,3,-15.95741996,43.1757654,-41.86829894,1.011912261
LPW,W Shumagins,SG Only,2,-22.44655806,51.58264517,-48.81231348,0.643661469
LPW,W Shumagins,Filtered SG,3,-40.60281874,68.71086859,-66.8752121,0.680418461
LPW,W Shumagins,VIP > 0.5,3,-61.92708092,84.50508702,-82.18572274,0.545932614
LPW,W Shumagins,VIP > 1.0,3,-51.76424864,77.380929,-74.65066614,0.526878155
N Kodiak,LPW,SNV+SG,6,-47.4098456,167.8561656,-149.2901317,0.317193641
N Kodiak,LPW,SG Only,2,-5.997513978,63.81787467,-53.66839853,0.704852893
N Kodiak,LPW,Filtered SG,2,-5.484391335,61.43347158,-48.03192977,0.635474377
N Kodiak,LPW,VIP > 0.5,3,-4.238574922,55.21753679,-41.8166804,0.674971031
N Kodiak,LPW,VIP > 1.0,3,-4.630387037,57.24526554,-42.13791625,0.628149879
N Kodiak,S Kodiak,SNV+SG,6,-0.369270082,11.92189715,7.224202229,1.114834997
N Kodiak,S Kodiak,SG Only,2,0.146032464,8.970723602,2.501242901,1.143761932
N Kodiak,S Kodiak,Filtered SG,2,0.274711915,8.267268958,0.862978875,1.198412384
N Kodiak,S Kodiak,VIP > 0.5,3,0.310418818,8.061196284,0.519007963,1.224875039
N Kodiak,S Kodiak,VIP > 1.0,3,0.224805814,8.546967424,0.496896534,1.154815012
N Kodiak,E Shumagins,SNV+SG,6,0.104359663,9.049435684,3.584215727,1.168606745
N Kodiak,E Shumagins,SG Only,2,0.294635915,8.542983637,1.210748886,1.211026737
N Kodiak,E Shumagins,Filtered SG,2,0.24527257,8.836859913,3.665896772,1.273704615
N Kodiak,E Shumagins,VIP > 0.5,3,0.197691839,9.111156533,4.506340723,1.293309754
N Kodiak,E Shumagins,VIP > 1.0,3,0.066747016,9.826584584,4.979455357,1.208914469
N Kodiak,W Shumagins,SNV+SG,6,0.231110934,9.193735393,2.46161207,1.204596222
N Kodiak,W Shumagins,SG Only,2,0.463856767,7.800177308,1.984344093,1.422995689
N Kodiak,W Shumagins,Filtered SG,2,0.466430088,7.781435573,3.375189642,1.531011881
N Kodiak,W Shumagins,VIP > 0.5,3,0.500434315,7.529399832,3.383999181,1.595938226
N Kodiak,W Shumagins,VIP > 1.0,3,0.463718629,7.801182105,3.040327214,1.494142447
S Kodiak,LPW,SNV+SG,5,-92.48026902,233.2547122,-208.6475889,0.233410457
S Kodiak,LPW,SG Only,6,-28.57743018,131.2050854,-119.6297352,0.451702904
S Kodiak,LPW,Filtered SG,1,-41.3400261,156.9806092,-144.2749468,0.393412065
S Kodiak,LPW,VIP > 0.5,1,-41.36518368,157.0272396,-144.3554172,0.393853942
S Kodiak,LPW,VIP > 1.0,1,-36.58631197,147.9058346,-136.3632751,0.424910993
S Kodiak,N Kodiak,SNV+SG,5,0.548031632,11.22065306,-4.724519561,1.667025528
S Kodiak,N Kodiak,SG Only,6,-0.025838007,16.45990916,-8.110368858,1.143059344
S Kodiak,N Kodiak,Filtered SG,1,-0.269056353,18.30747691,-10.27445559,1.080487736
S Kodiak,N Kodiak,VIP > 0.5,1,-0.281884259,18.3997723,-10.33284356,1.075383584
S Kodiak,N Kodiak,VIP > 1.0,1,-0.221338105,17.95998605,-9.767204052,1.086266702
S Kodiak,E Shumagins,SNV+SG,5,0.431784767,7.207939146,-1.276542465,1.368817393
S Kodiak,E Shumagins,SG Only,6,0.135159356,9.459560279,-3.34598743,1.15747257
S Kodiak,E Shumagins,Filtered SG,1,-0.071558298,10.5295741,-5.656875298,1.153179073
S Kodiak,E Shumagins,VIP > 0.5,1,-0.080182054,10.57185948,-5.696314418,1.149943075
S Kodiak,E Shumagins,VIP > 1.0,1,-0.148812215,10.90253339,-6.171042383,1.139452119
S Kodiak,W Shumagins,SNV+SG,5,0.516653074,7.289364004,0.856650779,1.474044004
S Kodiak,W Shumagins,SG Only,6,0.184347967,9.620918194,-1.810239364,1.136030141
S Kodiak,W Shumagins,Filtered SG,1,-0.025278198,10.78660863,-5.915098533,1.190055221
S Kodiak,W Shumagins,VIP > 0.5,1,-0.040358269,10.86564525,-5.994501988,1.184494959
S Kodiak,W Shumagins,VIP > 1.0,1,-0.132794463,11.33808266,-6.162657526,1.127919553
E Shumagins,LPW,SNV+SG,1,-70.35590462,203.7911911,-180.7258635,0.258449828
E Shumagins,LPW,SG Only,1,-5.257497597,60.34909964,-52.16952493,0.802299081
E Shumagins,LPW,Filtered SG,2,-9.356340877,77.63787104,-67.29131788,0.628547475
E Shumagins,LPW,VIP > 0.5,2,-8.733507615,75.2670918,-65.03758232,0.642466355
E Shumagins,LPW,VIP > 1.0,2,-8.350270178,73.77046644,-63.61067811,0.651490322
E Shumagins,N Kodiak,SNV+SG,1,0.632392976,10.11942916,-1.547221514,1.696543092
E Shumagins,N Kodiak,SG Only,1,0.532342995,11.11352327,1.694814037,1.490606543
E Shumagins,N Kodiak,Filtered SG,2,0.590266672,10.40252305,-0.541064896,1.575994371
E Shumagins,N Kodiak,VIP > 0.5,2,0.599123862,10.2894733,-0.66276067,1.594464066
E Shumagins,N Kodiak,VIP > 1.0,2,0.600471272,10.27216643,-0.643502567,1.596970539
E Shumagins,S Kodiak,SNV+SG,1,0.364704221,8.120612668,1.33123099,1.319835411
E Shumagins,S Kodiak,SG Only,1,0.248682696,8.414309662,3.320696656,1.274484761
E Shumagins,S Kodiak,Filtered SG,2,0.339998068,7.886410853,2.289876955,1.305674805
E Shumagins,S Kodiak,VIP > 0.5,2,0.352191629,7.813220357,1.996262265,1.304422451
E Shumagins,S Kodiak,VIP > 1.0,2,0.356739094,7.78574856,1.921317689,1.305967446
E Shumagins,W Shumagins,SNV+SG,1,0.583257074,6.768528717,1.567476572,1.620524293
E Shumagins,W Shumagins,SG Only,1,0.453759512,7.873285569,0.929622299,1.373004452
E Shumagins,W Shumagins,Filtered SG,2,0.590922241,6.813448762,0.779892367,1.585901486
E Shumagins,W Shumagins,VIP > 0.5,2,0.592943691,6.796593654,0.792311017,1.590227419
E Shumagins,W Shumagins,VIP > 1.0,2,0.592320009,6.801798444,0.766432115,1.588292024
W Shumagins,LPW,SNV+SG,1,-86.17800494,225.2547265,-201.1278212,0.239973532
W Shumagins,LPW,SG Only,2,-19.80868098,110.0506788,-97.19393818,0.471527248
W Shumagins,LPW,Filtered SG,2,-30.19479133,134.744638,-118.8564135,0.38344286
W Shumagins,LPW,VIP > 0.5,2,-29.10435048,132.3686319,-116.790894,0.390681567
W Shumagins,LPW,VIP > 1.0,2,-26.20292722,125.8282826,-110.8038403,0.408204542
W Shumagins,N Kodiak,SNV+SG,1,0.619228964,10.29902392,-4.379574774,1.820125726
W Shumagins,N Kodiak,SG Only,2,0.495852222,11.53896802,-0.699964928,1.421473109
W Shumagins,N Kodiak,Filtered SG,2,0.358560509,13.01565081,-4.780586717,1.352407305
W Shumagins,N Kodiak,VIP > 0.5,2,0.359582711,13.00527576,-5.219131321,1.374412716
W Shumagins,N Kodiak,VIP > 1.0,2,0.38790571,12.71443909,-5.22819013,1.41263487
W Shumagins,S Kodiak,SNV+SG,1,0.473022714,7.39599757,0.006553818,1.429540829
W Shumagins,S Kodiak,SG Only,2,0.001452187,9.700435394,5.692796403,1.254527202
W Shumagins,S Kodiak,Filtered SG,2,0.308439424,8.072757539,2.3284516,1.274760472
W Shumagins,S Kodiak,VIP > 0.5,2,0.339157639,7.891430432,1.827411003,1.283517349
W Shumagins,S Kodiak,VIP > 1.0,2,0.367568875,7.719930897,1.502479447,1.301250356
W Shumagins,E Shumagins,SNV+SG,1,0.560209985,6.341286245,-1.761696391,1.59404622
W Shumagins,E Shumagins,SG Only,2,0.32259149,8.371980868,1.637313027,1.247376397
W Shumagins,E Shumagins,Filtered SG,2,0.332413136,8.311067213,0.931997052,1.240076641
W Shumagins,E Shumagins,VIP > 0.5,2,0.339773048,8.265126938,0.918469508,1.246826553
W Shumagins,E Shumagins,VIP > 1.0,2,0.338639168,8.272221193,1.0703865,1.24853782
